NN Length,NN Time (ms),Two-Opt Length,Two-Opt Time (ms)
19168.0516099099,12,16393.5700776071,12312,
19168.0516099099,3,16393.5700776071,12144,
19168.0516099099,3,16393.5700776071,12108,
19168.0516099099,3,16393.5700776071,12056,
19168.0516099099,3,16393.5700776071,12155,
19168.0516099099,3,16393.5700776071,12211,
