NN Length,NN Time (ms),Two-Opt Length,Two-Opt Time (ms)
8980.91827932919,6,8114.35410339908,39,
8980.91827932919,0,8114.35410339908,36,
8980.91827932919,0,8114.35410339908,30,
8980.91827932919,0,8114.35410339908,33,
8980.91827932919,0,8114.35410339908,31,
